Model,R²,MSE
Random Forest,0.5209074740169704,1.405873150696619
Gradient Boosting,0.5198316521149084,1.4090300964743405
LSTM,0.4849717036258625,1.5113248787084363
Simple Linear,0.4718286150335338,1.5498926174375445
CNN,0.4675885853140742,1.5623347734250814
KNN,0.45976448099070777,1.585294217791074
