Model,R²,MSE
Random Forest,0.38815040778630194,1.4394246022419686
LSTM,0.34748924660945824,1.5350832028171777
Gradient Boosting,0.3460260982108533,1.5385253752538102
CNN,0.3330561462645215,1.5690382139629115
Ridge,0.3322245108879206,1.5709947020220816
KNN,0.29973983350216626,1.6474174771942791
